{
  "subject": "S024",
  "run": "R06",
  "accuracy": 0.7333333333333333,
  "confusion_matrix": [
    [
      6,
      2
    ],
    [
      2,
      5
    ]
  ],
  "per_class_accuracy": {
    "0": 0.75,
    "1": 0.7142857142857143
  },
  "samples": 15
}