{
  "subject": "S062",
  "run": "R08",
  "accuracy": 0.7333333333333333,
  "confusion_matrix": [
    [
      7,
      1
    ],
    [
      3,
      4
    ]
  ],
  "per_class_accuracy": {
    "0": 0.875,
    "1": 0.5714285714285714
  },
  "samples": 15
}