{
  "subject": "S055",
  "run": "R04",
  "accuracy": 0.5333333333333333,
  "confusion_matrix": [
    [
      3,
      5
    ],
    [
      2,
      5
    ]
  ],
  "per_class_accuracy": {
    "0": 0.375,
    "1": 0.7142857142857143
  },
  "samples": 15
}