{
  "subject": "S090",
  "run": "R04",
  "accuracy": 0.5333333333333333,
  "confusion_matrix": [
    [
      3,
      4
    ],
    [
      3,
      5
    ]
  ],
  "per_class_accuracy": {
    "0": 0.42857142857142855,
    "1": 0.625
  },
  "samples": 15
}