{
  "subject": "S088",
  "run": "R04",
  "accuracy": 0.5263157894736842,
  "confusion_matrix": [
    [
      7,
      3
    ],
    [
      6,
      3
    ]
  ],
  "per_class_accuracy": {
    "0": 0.7,
    "1": 0.3333333333333333
  },
  "samples": 19
}