{
  "subject": "S092",
  "run": "R04",
  "accuracy": 0.7368421052631579,
  "confusion_matrix": [
    [
      6,
      3
    ],
    [
      2,
      8
    ]
  ],
  "per_class_accuracy": {
    "0": 0.6666666666666666,
    "1": 0.8
  },
  "samples": 19
}