{
  "subject": "S088",
  "run": "R03",
  "accuracy": 0.6842105263157895,
  "confusion_matrix": [
    [
      6,
      3
    ],
    [
      3,
      7
    ]
  ],
  "per_class_accuracy": {
    "0": 0.6666666666666666,
    "1": 0.7
  },
  "samples": 19
}