{
  "subject": "S094",
  "run": "R08",
  "accuracy": 0.7333333333333333,
  "confusion_matrix": [
    [
      6,
      1
    ],
    [
      3,
      5
    ]
  ],
  "per_class_accuracy": {
    "0": 0.8571428571428571,
    "1": 0.625
  },
  "samples": 15
}