{
  "subject": "S002",
  "run": "R05",
  "accuracy": 0.8666666666666667,
  "confusion_matrix": [
    [
      6,
      1
    ],
    [
      1,
      7
    ]
  ],
  "per_class_accuracy": {
    "0": 0.8571428571428571,
    "1": 0.875
  },
  "samples": 15
}