{
  "subject": "S107",
  "run": "R05",
  "accuracy": 0.6666666666666666,
  "confusion_matrix": [
    [
      5,
      2
    ],
    [
      3,
      5
    ]
  ],
  "per_class_accuracy": {
    "0": 0.7142857142857143,
    "1": 0.625
  },
  "samples": 15
}