{
  "subject": "S092",
  "run": "R08",
  "accuracy": 0.6842105263157895,
  "confusion_matrix": [
    [
      5,
      4
    ],
    [
      2,
      8
    ]
  ],
  "per_class_accuracy": {
    "0": 0.5555555555555556,
    "1": 0.8
  },
  "samples": 19
}