{
  "subject": "S076",
  "run": "R07",
  "accuracy": 0.5333333333333333,
  "confusion_matrix": [
    [
      2,
      5
    ],
    [
      2,
      6
    ]
  ],
  "per_class_accuracy": {
    "0": 0.2857142857142857,
    "1": 0.75
  },
  "samples": 15
}