{
  "subject": "S052",
  "run": "R07",
  "accuracy": 0.6666666666666666,
  "confusion_matrix": [
    [
      3,
      4
    ],
    [
      1,
      7
    ]
  ],
  "per_class_accuracy": {
    "0": 0.42857142857142855,
    "1": 0.875
  },
  "samples": 15
}