{
  "subject": "S092",
  "run": "R06",
  "accuracy": 0.7894736842105263,
  "confusion_matrix": [
    [
      8,
      2
    ],
    [
      2,
      7
    ]
  ],
  "per_class_accuracy": {
    "0": 0.8,
    "1": 0.7777777777777778
  },
  "samples": 19
}