{
  "subject": "S102",
  "run": "R07",
  "accuracy": 0.6666666666666666,
  "confusion_matrix": [
    [
      6,
      1
    ],
    [
      4,
      4
    ]
  ],
  "per_class_accuracy": {
    "0": 0.8571428571428571,
    "1": 0.5
  },
  "samples": 15
}