{
  "subject": "S071",
  "run": "R06",
  "accuracy": 0.8666666666666667,
  "confusion_matrix": [
    [
      7,
      1
    ],
    [
      1,
      6
    ]
  ],
  "per_class_accuracy": {
    "0": 0.875,
    "1": 0.8571428571428571
  },
  "samples": 15
}