{
  "subject": "S057",
  "run": "R08",
  "accuracy": 0.7333333333333333,
  "confusion_matrix": [
    [
      8,
      0
    ],
    [
      4,
      3
    ]
  ],
  "per_class_accuracy": {
    "0": 1.0,
    "1": 0.42857142857142855
  },
  "samples": 15
}