{
  "subject": "S063",
  "run": "R05",
  "accuracy": 0.6666666666666666,
  "confusion_matrix": [
    [
      6,
      2
    ],
    [
      3,
      4
    ]
  ],
  "per_class_accuracy": {
    "0": 0.75,
    "1": 0.5714285714285714
  },
  "samples": 15
}