{
  "subject": "S100",
  "run": "R03",
  "accuracy": 0.75,
  "confusion_matrix": [
    [
      4,
      2
    ],
    [
      1,
      5
    ]
  ],
  "per_class_accuracy": {
    "0": 0.6666666666666666,
    "1": 0.8333333333333334
  },
  "samples": 12
}