{
  "subject": "S038",
  "run": "R03",
  "accuracy": 0.6666666666666666,
  "confusion_matrix": [
    [
      4,
      3
    ],
    [
      2,
      6
    ]
  ],
  "per_class_accuracy": {
    "0": 0.5714285714285714,
    "1": 0.75
  },
  "samples": 15
}