{
  "subject": "S051",
  "run": "R03",
  "accuracy": 0.6666666666666666,
  "confusion_matrix": [
    [
      4,
      4
    ],
    [
      1,
      6
    ]
  ],
  "per_class_accuracy": {
    "0": 0.5,
    "1": 0.8571428571428571
  },
  "samples": 15
}