{
  "subject": "S092",
  "run": "R05",
  "accuracy": 0.6842105263157895,
  "confusion_matrix": [
    [
      6,
      4
    ],
    [
      2,
      7
    ]
  ],
  "per_class_accuracy": {
    "0": 0.6,
    "1": 0.7777777777777778
  },
  "samples": 19
}