{
  "subject": "S041",
  "run": "R06",
  "accuracy": 0.5333333333333333,
  "confusion_matrix": [
    [
      5,
      3
    ],
    [
      4,
      3
    ]
  ],
  "per_class_accuracy": {
    "0": 0.625,
    "1": 0.42857142857142855
  },
  "samples": 15
}