{
  "subject": "S100",
  "run": "R07",
  "accuracy": 0.5833333333333334,
  "confusion_matrix": [
    [
      4,
      2
    ],
    [
      3,
      3
    ]
  ],
  "per_class_accuracy": {
    "0": 0.6666666666666666,
    "1": 0.5
  },
  "samples": 12
}