{
  "subject": "S014",
  "run": "R06",
  "accuracy": 0.4666666666666667,
  "confusion_matrix": [
    [
      5,
      3
    ],
    [
      5,
      2
    ]
  ],
  "per_class_accuracy": {
    "0": 0.625,
    "1": 0.2857142857142857
  },
  "samples": 15
}