{
  "subject": "S043",
  "run": "R05",
  "accuracy": 0.8666666666666667,
  "confusion_matrix": [
    [
      5,
      2
    ],
    [
      0,
      8
    ]
  ],
  "per_class_accuracy": {
    "0": 0.7142857142857143,
    "1": 1.0
  },
  "samples": 15
}