{
  "subject": "S088",
  "run": "R07",
  "accuracy": 0.5263157894736842,
  "confusion_matrix": [
    [
      5,
      5
    ],
    [
      4,
      5
    ]
  ],
  "per_class_accuracy": {
    "0": 0.5,
    "1": 0.5555555555555556
  },
  "samples": 19
}