{
  "subject": "S092",
  "run": "R07",
  "accuracy": 0.8421052631578947,
  "confusion_matrix": [
    [
      9,
      1
    ],
    [
      2,
      7
    ]
  ],
  "per_class_accuracy": {
    "0": 0.9,
    "1": 0.7777777777777778
  },
  "samples": 19
}