{
  "subject": "S087",
  "run": "R05",
  "accuracy": 0.4666666666666667,
  "confusion_matrix": [
    [
      4,
      3
    ],
    [
      5,
      3
    ]
  ],
  "per_class_accuracy": {
    "0": 0.5714285714285714,
    "1": 0.375
  },
  "samples": 15
}