{
  "subject": "S042",
  "run": "R05",
  "accuracy": 0.7333333333333333,
  "confusion_matrix": [
    [
      5,
      3
    ],
    [
      1,
      6
    ]
  ],
  "per_class_accuracy": {
    "0": 0.625,
    "1": 0.8571428571428571
  },
  "samples": 15
}