{
  "subject": "S092",
  "run": "R03",
  "accuracy": 0.6842105263157895,
  "confusion_matrix": [
    [
      7,
      3
    ],
    [
      3,
      6
    ]
  ],
  "per_class_accuracy": {
    "0": 0.7,
    "1": 0.6666666666666666
  },
  "samples": 19
}