{
  "subject": "S088",
  "run": "R08",
  "accuracy": 0.5789473684210527,
  "confusion_matrix": [
    [
      6,
      4
    ],
    [
      4,
      5
    ]
  ],
  "per_class_accuracy": {
    "0": 0.6,
    "1": 0.5555555555555556
  },
  "samples": 19
}