{
  "subject": "S002",
  "run": "R03",
  "accuracy": 0.6666666666666666,
  "confusion_matrix": [
    [
      7,
      1
    ],
    [
      4,
      3
    ]
  ],
  "per_class_accuracy": {
    "0": 0.875,
    "1": 0.42857142857142855
  },
  "samples": 15
}