{
  "subject": "S104",
  "run": "R08",
  "accuracy": 0.6923076923076923,
  "confusion_matrix": [
    [
      5,
      2
    ],
    [
      2,
      4
    ]
  ],
  "per_class_accuracy": {
    "0": 0.7142857142857143,
    "1": 0.6666666666666666
  },
  "samples": 13
}