{
  "subject": "S050",
  "run": "R06",
  "accuracy": 0.5333333333333333,
  "confusion_matrix": [
    [
      4,
      4
    ],
    [
      3,
      4
    ]
  ],
  "per_class_accuracy": {
    "0": 0.5,
    "1": 0.5714285714285714
  },
  "samples": 15
}