{
  "subject": "S001",
  "run": "R06",
  "accuracy": 0.7333333333333333,
  "confusion_matrix": [
    [
      5,
      2
    ],
    [
      2,
      6
    ]
  ],
  "per_class_accuracy": {
    "0": 0.7142857142857143,
    "1": 0.75
  },
  "samples": 15
}