{"y_true": [0, 3, 2, 1, 1, 3, 0, 2, 0, 0, 2, 3, 2, 3, 2, 3, 2, 0, 3, 1, 2, 1, 0, 3, 3, 2, 1, 3, 2, 1, 1, 0, 0, 2, 3, 0, 3, 3, 1, 2, 0, 3, 2, 1, 0, 3, 1, 3, 2, 3, 3, 0, 1, 1, 1, 0, 2, 0, 2, 2, 3, 2, 1, 3, 1, 1, 3, 1, 0, 1, 3, 0, 1, 0, 2, 1, 1, 0, 2, 2], "y_pred": [1, 0, 0, 0, 1, 3, 0, 1, 0, 3, 2, 2, 3, 3, 3, 3, 0, 1, 3, 0, 1, 1, 3, 2, 0, 2, 3, 3, 3, 3, 1, 2, 1, 1, 1, 1, 0, 2, 1, 1, 1, 3, 2, 1, 2, 3, 1, 0, 0, 1, 0, 1, 3, 3, 0, 1, 0, 3, 2, 2, 3, 0, 2, 0, 0, 0, 0, 2, 1, 3, 0, 0, 2, 1, 3, 1, 2, 2, 1, 1], "y_proba": [[0.1915264946399396, 0.3648158207001757, 0.306802542811987, 0.13685514184789754], [0.35984467964702205, 0.34795645774229267, 0.16753426386630296, 0.1246645987443822], [0.6629269222629258, 0.13574548593819996, 0.19417641380798978, 0.007151177990884576], [0.267873679798668, 0.22631913632910705, 0.24004243640138606, 0.265764747470839], [0.3579730792974485, 0.4436414002106182, 0.10904737767533185, 0.08933814281660145], [0.2706376176997575, 0.19074774084848883, 0.2288651637422115, 0.30974947770954214], [0.30939909788594067, 0.2698472090291394, 0.27259051080458513, 0.14816318228033482], [0.028256430397097486, 0.40041990896025115, 0.1967496080375768, 0.3745740526050745], [0.5980277611329273, 0.1639346181832604, 0.04085602591832632, 0.19718159476548608], [0.127847310062095, 0.28823584853176876, 0.2425632712243342, 0.34135357018180207], [0.32378787256313407, 0.19807384512807413, 0.3967553159373308, 0.08138296637146107], [0.017511283087842198, 0.06942798978337206, 0.5569477962179408, 0.356112930910845], [0.10673541967714807, 0.3316093160760452, 0.10080558608838604, 0.46084967815842065], [0.25364600966875767, 0.21661583371011908, 0.1714137903380443, 0.35832436628307884], [0.23657684799738896, 0.057311273941815136, 0.07716000922704243, 0.6289518688337534], [0.3195476291273902, 0.24608684509750456, 0.09350640698121628, 0.3408591187938891], [0.35122469551550023, 0.3233248746462798, 0.20266667552243672, 0.1227837543157832], [0.05816730544763225, 0.5446770954928635, 0.2750390500752749, 0.12211654898422934], [0.15947174143783674, 0.3019027732785902, 0.09213810491075089, 0.44648738037282204], [0.29893757521338105, 0.2835451205251762, 0.17029073147926818, 0.2472265727821747], [0.33681191166672486, 0.3747249396659065, 0.048693634880237174, 0.23976951378713157], [0.04120254419896558, 0.4891044727057304, 0.3265983658782137, 0.14309461721709024], [0.05787175191280888, 0.3288882480165054, 0.09547611805229785, 0.5177638820183879], [0.37690852274192116, 0.22499901762216487, 0.38330060253971876, 0.014791857096195231], [0.41562139652923213, 0.20912179993054344, 0.3393859281392632, 0.0358708754009611], [0.1956871807726842, 0.1973151638959759, 0.37710361335440773, 0.22989404197693208], [0.29728604219940685, 0.167623896262473, 0.20817960173122516, 0.3269104598068951], [0.20106103448251803, 0.00990028179040484, 0.37851622499809606, 0.410522458728981], [0.0950776134350841, 0.3755919889432743, 0.07360562851289335, 0.4557247691087483], [0.11543486193652999, 0.27066577761175903, 0.298401286585282, 0.3154980738664291], [0.08343090428334447, 0.7093282493117272, 0.1782698422464181, 0.02897100415851021], [0.21641665245060132, 0.14467586146075617, 0.3236541753946056, 0.3152533106940369], [0.15276342384545175, 0.45900448499228536, 0.14013293865172471, 0.24809915251053802], [0.18263299440130804, 0.6678740437184054, 0.11744890117712511, 0.032044060703161514], [0.14182900763364142, 0.32348561824097777, 0.2906608971375943, 0.24402447698778637], [0.34012350631939203, 0.3411369167510814, 0.19811115004317587, 0.1206284268863506], [0.40593816729106685, 0.3479135171481267, 0.19647602466501438, 0.049672290895792254], [0.34146230081855133, 0.12000752324225845, 0.428348719581793, 0.11018145635739732], [0.09542577404833302, 0.6460647267424721, 0.1191554327775032, 0.1393540664316917], [0.302611113217136, 0.44154119287235527, 0.09917420671269947, 0.15667348719780927], [0.32474814985201356, 0.405964586681263, 0.20917643649069317, 0.060110826976030096], [0.013233921049066389, 0.2180817326021668, 0.12517858838928797, 0.643505757959479], [0.06400307313360921, 0.26599364218981697, 0.36472146392994215, 0.30528182074663174], [0.08126606099763879, 0.3271070936393326, 0.2910180442431132, 0.3006088011199154], [0.08295044828509658, 0.0783275568808511, 0.5870826296360651, 0.2516393651979873], [0.12497764383920733, 0.2028986484178176, 0.275273525883359, 0.39685018185961607], [0.1599086013571428, 0.5162742901671185, 0.013877810649825753, 0.30993929782591306], [0.48792597161048784, 0.08150176980781314, 0.10800949909730806, 0.32256275948439106], [0.29282784327582917, 0.18063764316902003, 0.2827635625296645, 0.2437709510254862], [0.3388969960992847, 0.5690296210100544, 0.012933398511532744, 0.07913998437912804], [0.34709121416057737, 0.3334442599255842, 0.09735323347116864, 0.22211129244266986], [0.2434352315235772, 0.348568842428054, 0.2422668278044124, 0.16572909824395635], [0.16132184247148815, 0.18361040258099165, 0.28106680673297113, 0.374000948214549], [0.2694688644000238, 0.14713704415945772, 0.1405013797659535, 0.44289271167456495], [0.5158885873078665, 0.06651216936427691, 0.042050291690630924, 0.3755489516372256], [0.10257454501848016, 0.578693827288797, 0.2177719880066153, 0.10095963968610756], [0.6039801461523131, 0.10855708958884112, 0.18672181365218335, 0.10074095060666224], [0.31496577686476734, 0.05767510366828019, 0.15107497154663735, 0.4762841479203151], [0.031056397448563002, 0.3439140622843723, 0.396024269876918, 0.22900527039014665], [0.1247682537726543, 0.19795792454291303, 0.34332042541907004, 0.3339533962653626], [0.061137252382444184, 0.25523400222522935, 0.3329249060231339, 0.3507038393691926], [0.40502517133667115, 0.2951455239420965, 0.034923000815600874, 0.2649063039056316], [0.34666220192597197, 0.06729471561143864, 0.5516505027375871, 0.034392579725002266], [0.33385586208137646, 0.03577855245770303, 0.3045195639714522, 0.3258460214894682], [0.30577591256136005, 0.25035477306408344, 0.2433162415678982, 0.2005530728066583], [0.39667007758200246, 0.06851487126531837, 0.2729693767613827, 0.2618456743912964], [0.36569862091153915, 0.197353763081298, 0.16421556905338677, 0.2727320469537761], [0.20481448972222102, 0.10743165715006708, 0.3673158127242363, 0.32043804040347573], [0.1797336744958175, 0.28401885429557666, 0.28315379521980916, 0.2530936759887967], [0.16420321592718257, 0.2967376061142904, 0.12846557674921355, 0.4105936012093135], [0.4052746374629085, 0.21269298926369998, 0.1452248114010516, 0.23680756187233984], [0.2989718738795549, 0.22992498785714535, 0.2834100047273062, 0.18769313353599357], [0.34057657467050007, 0.15505817425862883, 0.39545018876789734, 0.10891506230297382], [0.30182371708622935, 0.37390058751436445, 0.057386120857566475, 0.26688957454183976], [0.05164754190098905, 0.3941441023075369, 0.0458891921117828, 0.5083191636796913], [0.05516497971040408, 0.38496038253199333, 0.3215299096053883, 0.23834472815221439], [0.28180843127346167, 0.2863061131526705, 0.3406468072446939, 0.09123864832917387], [0.4007083180927963, 0.0645459412792548, 0.41842536403424924, 0.11632037659369979], [0.2657343031943675, 0.26925260489146097, 0.2191841860364594, 0.24582890587771206], [0.28773932800988394, 0.3010434562589437, 0.1853743940558703, 0.22584282167530212]]}