{
  "subject": "S095",
  "run": "R04",
  "accuracy": 0.7333333333333333,
  "confusion_matrix": [
    [
      4,
      3
    ],
    [
      1,
      7
    ]
  ],
  "per_class_accuracy": {
    "0": 0.5714285714285714,
    "1": 0.875
  },
  "samples": 15
}