class,accuracy,support
0,0.8181818181818182,11
1,0.8181818181818182,11
