{
  "subject": "S089",
  "run": "R03",
  "accuracy": 0.8181818181818182,
  "confusion_matrix": [
    [
      9,
      2
    ],
    [
      2,
      9
    ]
  ],
  "per_class_accuracy": {
    "0": 0.8181818181818182,
    "1": 0.8181818181818182
  },
  "samples": 22
}