{
  "subject": "S030",
  "run": "R07",
  "accuracy": 0.4666666666666667,
  "confusion_matrix": [
    [
      4,
      4
    ],
    [
      4,
      3
    ]
  ],
  "per_class_accuracy": {
    "0": 0.5,
    "1": 0.42857142857142855
  },
  "samples": 15
}