{
  "subject": "S060",
  "run": "R05",
  "accuracy": 0.6666666666666666,
  "confusion_matrix": [
    [
      5,
      3
    ],
    [
      2,
      5
    ]
  ],
  "per_class_accuracy": {
    "0": 0.625,
    "1": 0.7142857142857143
  },
  "samples": 15
}