{
  "subject": "S011",
  "run": "R05",
  "accuracy": 0.4666666666666667,
  "confusion_matrix": [
    [
      3,
      4
    ],
    [
      4,
      4
    ]
  ],
  "per_class_accuracy": {
    "0": 0.42857142857142855,
    "1": 0.5
  },
  "samples": 15
}